Product,Price
طلاء مانع للتسرب,2500 دج
مصباح قابل للشحن,4900 دج
شريط لاصق مضاد للماء,2900 دج
معجون إصلاح وتلحيم,2900 دج
نظارات طبية 3 في 1,2900 دج
قاتل الصراصير، النمل,1900 دج
مقبس ذكي بالـ WiFi,2300 دج
حذاء الأمان والمغامرات,3500 دج
مرش حمام مزدوج,1900 دج
مشط مملس للشعر,3900 دج
مصباح متعدد الأدوات,2500 دج
سماعة لاسلكية ذكية,4900 دج
قفل دواسات السيارة,3900 دج
جهاز لوحي للكتابة,1900 دج
مقبس تحكم عن بعد,2900 دج
جهاز إنذار ضد النوم,2900 دج
موزع صابون ذكي,3500 دج
مصباح متعدد الوظائف,6900 دج
شريط مانع للتسرب,1900 دج
مملس شعر إحترافي,6500 دج
أقدام مضادة للاهتزاز,1900 دج
مرآة لاصقة للحائط,1900 دج
مرهم إصلاح الجدران,1900 دج
مكنسة يدوية,2500 دج
مكنسة مع مجرفة,2900 دج
شريط الحمام والمطبخ,2900 دج
قفل مقود السيارة,2900 دج
رغوة تنظيف,1900 دج
طقم إصلاح الزجاج,1900 دج
رغوة تنظيف السيارة,2300 دج
طارد الناموس,1700 دج
شواية فحم محمولة,2900 دج
مكنسة سيارة محمولة,2900 دج
مكنسة سيارة محمولة,3900 دج
شاشة مكبرة,2900 دج
3 فرش إستحمام,1900 دج
أكسسوار الحنفيات,1700 دج
حافظة طعام كهربائية,3500 دج
رغوة تنظيف,1600 دج
مكواة قابلة للطي,3500 دج
نظارات 6 في 1,3500 دج
مرآة LED مكبرة X10,2500 دج
صاعق الناموس,2900 دج
المنظف المعجزة,1900 دج
